fold_index,channel_index,channel_name,fit_bearings,inner_val_bearing,outer_test_bearing,pixel_count,mean,std,scaler_path,scaler_sha256,train_count_is_four,sets_are_disjoint,outer_not_in_fit,inner_not_in_fit,std_is_valid,postfit_probe_finite
0,0,horizontal,bearing2_1|bearing2_2|bearing3_1|bearing3_2,bearing1_2,bearing1_1,63242240,-5.028192319172583,2.1347737477366615,/kaggle/working/fpt_fold_scalers/fold_0_scaler.json,b8f3c71a2594aae62916242d358a179a8776f4ca24b6fbfe246a45caf67716aa,True,True,True,True,True,True
0,1,vertical,bearing2_1|bearing2_2|bearing3_1|bearing3_2,bearing1_2,bearing1_1,63242240,-5.907658947479622,1.8633516541635358,/kaggle/working/fpt_fold_scalers/fold_0_scaler.json,b8f3c71a2594aae62916242d358a179a8776f4ca24b6fbfe246a45caf67716aa,True,True,True,True,True,True
1,0,horizontal,bearing1_1|bearing2_2|bearing3_1|bearing3_2,bearing2_1,bearing1_2,94240768,-4.256292010595674,2.8430964280639834,/kaggle/working/fpt_fold_scalers/fold_1_scaler.json,dc9efcd8042c8e03550001c1bf66e1f0ff1e13de267753f73c51539c11002cfb,True,True,True,True,True,True
1,1,vertical,bearing1_1|bearing2_2|bearing3_1|bearing3_2,bearing2_1,bearing1_2,94240768,-5.513154333943906,1.8304833799065843,/kaggle/working/fpt_fold_scalers/fold_1_scaler.json,dc9efcd8042c8e03550001c1bf66e1f0ff1e13de267753f73c51539c11002cfb,True,True,True,True,True,True
2,0,horizontal,bearing1_1|bearing1_2|bearing3_1|bearing3_2,bearing2_2,bearing2_1,95453184,-4.290252025867024,2.852970768884517,/kaggle/working/fpt_fold_scalers/fold_2_scaler.json,ed7fc679fb57f28b431b0066ab437ac6c7647b9cc5aebccb9b66eae130124984,True,True,True,True,True,True
2,1,vertical,bearing1_1|bearing1_2|bearing3_1|bearing3_2,bearing2_2,bearing2_1,95453184,-5.5435381479886425,1.821789124667212,/kaggle/working/fpt_fold_scalers/fold_2_scaler.json,ed7fc679fb57f28b431b0066ab437ac6c7647b9cc5aebccb9b66eae130124984,True,True,True,True,True,True
3,0,horizontal,bearing1_1|bearing1_2|bearing2_1|bearing3_2,bearing3_1,bearing2_2,101941248,-4.248340940554944,2.7735955153306735,/kaggle/working/fpt_fold_scalers/fold_3_scaler.json,b2786fa10f8ecf0c2e0364b3f57c06e62519c4a1ed66264f9a3d761c022555ef,True,True,True,True,True,True
3,1,vertical,bearing1_1|bearing1_2|bearing2_1|bearing3_2,bearing3_1,bearing2_2,101941248,-5.542573464150983,1.8554907559530862,/kaggle/working/fpt_fold_scalers/fold_3_scaler.json,b2786fa10f8ecf0c2e0364b3f57c06e62519c4a1ed66264f9a3d761c022555ef,True,True,True,True,True,True
4,0,horizontal,bearing1_1|bearing1_2|bearing2_1|bearing2_2,bearing3_2,bearing3_1,88178688,-3.969194283229857,2.76363678781307,/kaggle/working/fpt_fold_scalers/fold_4_scaler.json,51c0d03dcaf6f6ed146139e181d6a0c9c6e8dff49e3124e6eb3135fd314b11a3,True,True,True,True,True,True
4,1,vertical,bearing1_1|bearing1_2|bearing2_1|bearing2_2,bearing3_2,bearing3_1,88178688,-5.207728671411771,1.8994638235054593,/kaggle/working/fpt_fold_scalers/fold_4_scaler.json,51c0d03dcaf6f6ed146139e181d6a0c9c6e8dff49e3124e6eb3135fd314b11a3,True,True,True,True,True,True
5,0,horizontal,bearing1_2|bearing2_1|bearing2_2|bearing3_1,bearing1_1,bearing3_2,50692096,-4.799827184864696,2.09609758269672,/kaggle/working/fpt_fold_scalers/fold_5_scaler.json,8b65fe29b5f49a445eb313348e77a4c478ecd6908d4007a0df449c1f7cc7e457,True,True,True,True,True,True
5,1,vertical,bearing1_2|bearing2_1|bearing2_2|bearing3_1,bearing1_1,bearing3_2,50692096,-5.472093301292373,2.014766870276336,/kaggle/working/fpt_fold_scalers/fold_5_scaler.json,8b65fe29b5f49a445eb313348e77a4c478ecd6908d4007a0df449c1f7cc7e457,True,True,True,True,True,True
