bearing_id,n_files,rms_norm_first_100,threshold_name,threshold_value,fpt_index,fpt_seconds,fpt_found,boundary_flag,baseline_crossing,search_start_hit,near_end,not_found,healthy_count,degraded_count,healthy_ratio,degraded_ratio,baseline_alarm_runs,rejected_recovery_count,algorithm,healthy_files,irrms_window,search_start,consecutive,recovery_run,std_ddof,threshold_operator,near_end_min_degraded_files,plot_path
bearing1_1,2803,0.6660381555557251,fixed,1.05,1521,15210,True,baseline_crossing,True,False,False,False,1521,1282,0.5426328933285766,0.4573671066714235,1,1,causal_irrms_fpt_reference,100,30,100,5,30,0,>,30,/kaggle/working/causal_irrms_fpt_reference/bearing1_1_irrms_threshold_1p05000000_audit.png
bearing1_2,871,0.6640210747718811,fixed,1.05,825,8250,True,baseline_crossing,True,False,False,False,825,46,0.947187141216992,0.05281285878300804,1,3,causal_irrms_fpt_reference,100,30,100,5,30,0,>,30,/kaggle/working/causal_irrms_fpt_reference/bearing1_2_irrms_threshold_1p05000000_audit.png
bearing2_1,911,0.5365688800811768,fixed,1.05,144,1440,True,baseline_crossing,True,False,False,False,144,767,0.15806805708013172,0.8419319429198683,1,0,causal_irrms_fpt_reference,100,30,100,5,30,0,>,30,/kaggle/working/causal_irrms_fpt_reference/bearing2_1_irrms_threshold_1p05000000_audit.png
bearing2_2,797,0.47241637110710144,fixed,1.05,184,1840,True,baseline_crossing,True,False,False,False,184,613,0.23086574654956085,0.7691342534504392,1,0,causal_irrms_fpt_reference,100,30,100,5,30,0,>,30,/kaggle/working/causal_irrms_fpt_reference/bearing2_2_irrms_threshold_1p05000000_audit.png
bearing3_1,515,0.5005925297737122,fixed,1.05,493,4930,True,baseline_crossing;near_end,True,False,True,False,493,22,0.9572815533980582,0.04271844660194175,1,0,causal_irrms_fpt_reference,100,30,100,5,30,0,>,30,/kaggle/working/causal_irrms_fpt_reference/bearing3_1_irrms_threshold_1p05000000_audit.png
bearing3_2,1637,0.5168190002441406,fixed,1.05,1588,15880,True,baseline_crossing,True,False,False,False,1588,49,0.9700671960904093,0.029932803909590716,1,1,causal_irrms_fpt_reference,100,30,100,5,30,0,>,30,/kaggle/working/causal_irrms_fpt_reference/bearing3_2_irrms_threshold_1p05000000_audit.png
bearing1_1,2803,0.6660381555557251,fixed,1.1,1569,15690,True,baseline_crossing,True,False,False,False,1569,1234,0.5597574027827328,0.4402425972172672,1,1,causal_irrms_fpt_reference,100,30,100,5,30,0,>,30,/kaggle/working/causal_irrms_fpt_reference/bearing1_1_irrms_threshold_1p10000000_audit.png
bearing1_2,871,0.6640210747718811,fixed,1.1,825,8250,True,baseline_crossing,True,False,False,False,825,46,0.947187141216992,0.05281285878300804,1,3,causal_irrms_fpt_reference,100,30,100,5,30,0,>,30,/kaggle/working/causal_irrms_fpt_reference/bearing1_2_irrms_threshold_1p10000000_audit.png
bearing2_1,911,0.5365688800811768,fixed,1.1,147,1470,True,baseline_crossing,True,False,False,False,147,764,0.16136114160263446,0.8386388583973655,1,0,causal_irrms_fpt_reference,100,30,100,5,30,0,>,30,/kaggle/working/causal_irrms_fpt_reference/bearing2_1_irrms_threshold_1p10000000_audit.png
bearing2_2,797,0.47241637110710144,fixed,1.1,187,1870,True,baseline_crossing,True,False,False,False,187,610,0.23462986198243413,0.7653701380175659,1,0,causal_irrms_fpt_reference,100,30,100,5,30,0,>,30,/kaggle/working/causal_irrms_fpt_reference/bearing2_2_irrms_threshold_1p10000000_audit.png
bearing3_1,515,0.5005925297737122,fixed,1.1,493,4930,True,baseline_crossing;near_end,True,False,True,False,493,22,0.9572815533980582,0.04271844660194175,1,0,causal_irrms_fpt_reference,100,30,100,5,30,0,>,30,/kaggle/working/causal_irrms_fpt_reference/bearing3_1_irrms_threshold_1p10000000_audit.png
bearing3_2,1637,0.5168190002441406,fixed,1.1,1590,15900,True,ok,False,False,False,False,1590,47,0.9712889431887599,0.028711056811240074,0,1,causal_irrms_fpt_reference,100,30,100,5,30,0,>,30,/kaggle/working/causal_irrms_fpt_reference/bearing3_2_irrms_threshold_1p10000000_audit.png
bearing1_1,2803,0.6660381555557251,fixed,1.15,1637,16370,True,baseline_crossing,True,False,False,False,1637,1166,0.5840171245094542,0.41598287549054586,1,1,causal_irrms_fpt_reference,100,30,100,5,30,0,>,30,/kaggle/working/causal_irrms_fpt_reference/bearing1_1_irrms_threshold_1p15000000_audit.png
bearing1_2,871,0.6640210747718811,fixed,1.15,826,8260,True,ok,False,False,False,False,826,45,0.9483352468427095,0.05166475315729047,0,3,causal_irrms_fpt_reference,100,30,100,5,30,0,>,30,/kaggle/working/causal_irrms_fpt_reference/bearing1_2_irrms_threshold_1p15000000_audit.png
bearing2_1,911,0.5365688800811768,fixed,1.15,148,1480,True,baseline_crossing,True,False,False,False,148,763,0.16245883644346873,0.8375411635565313,1,0,causal_irrms_fpt_reference,100,30,100,5,30,0,>,30,/kaggle/working/causal_irrms_fpt_reference/bearing2_1_irrms_threshold_1p15000000_audit.png
bearing2_2,797,0.47241637110710144,fixed,1.15,191,1910,True,ok,False,False,False,False,191,606,0.2396486825595985,0.7603513174404015,0,0,causal_irrms_fpt_reference,100,30,100,5,30,0,>,30,/kaggle/working/causal_irrms_fpt_reference/bearing2_2_irrms_threshold_1p15000000_audit.png
bearing3_1,515,0.5005925297737122,fixed,1.15,493,4930,True,baseline_crossing;near_end,True,False,True,False,493,22,0.9572815533980582,0.04271844660194175,1,0,causal_irrms_fpt_reference,100,30,100,5,30,0,>,30,/kaggle/working/causal_irrms_fpt_reference/bearing3_1_irrms_threshold_1p15000000_audit.png
bearing3_2,1637,0.5168190002441406,fixed,1.15,1593,15930,True,ok,False,False,False,False,1593,44,0.9731215638362859,0.02687843616371411,0,1,causal_irrms_fpt_reference,100,30,100,5,30,0,>,30,/kaggle/working/causal_irrms_fpt_reference/bearing3_2_irrms_threshold_1p15000000_audit.png
bearing1_1,2803,0.6660381555557251,fixed,1.2,1740,17400,True,ok,False,False,False,False,1740,1063,0.6207634677131645,0.3792365322868355,0,2,causal_irrms_fpt_reference,100,30,100,5,30,0,>,30,/kaggle/working/causal_irrms_fpt_reference/bearing1_1_irrms_threshold_1p20000000_audit.png
bearing1_2,871,0.6640210747718811,fixed,1.2,826,8260,True,ok,False,False,False,False,826,45,0.9483352468427095,0.05166475315729047,0,4,causal_irrms_fpt_reference,100,30,100,5,30,0,>,30,/kaggle/working/causal_irrms_fpt_reference/bearing1_2_irrms_threshold_1p20000000_audit.png
bearing2_1,911,0.5365688800811768,fixed,1.2,149,1490,True,baseline_crossing,True,False,False,False,149,762,0.16355653128430298,0.8364434687156971,1,0,causal_irrms_fpt_reference,100,30,100,5,30,0,>,30,/kaggle/working/causal_irrms_fpt_reference/bearing2_1_irrms_threshold_1p20000000_audit.png
bearing2_2,797,0.47241637110710144,fixed,1.2,194,1940,True,ok,False,False,False,False,194,603,0.24341279799247176,0.7565872020075283,0,0,causal_irrms_fpt_reference,100,30,100,5,30,0,>,30,/kaggle/working/causal_irrms_fpt_reference/bearing2_2_irrms_threshold_1p20000000_audit.png
bearing3_1,515,0.5005925297737122,fixed,1.2,493,4930,True,near_end,False,False,True,False,493,22,0.9572815533980582,0.04271844660194175,0,0,causal_irrms_fpt_reference,100,30,100,5,30,0,>,30,/kaggle/working/causal_irrms_fpt_reference/bearing3_1_irrms_threshold_1p20000000_audit.png
bearing3_2,1637,0.5168190002441406,fixed,1.2,1595,15950,True,ok,False,False,False,False,1595,42,0.9743433109346366,0.02565668906536347,0,1,causal_irrms_fpt_reference,100,30,100,5,30,0,>,30,/kaggle/working/causal_irrms_fpt_reference/bearing3_2_irrms_threshold_1p20000000_audit.png
bearing1_1,2803,0.6660381555557251,q99,1.2637933790683746,1871,18710,True,ok,False,False,False,False,1871,932,0.6674991080984659,0.3325008919015341,0,1,causal_irrms_fpt_reference,100,30,100,5,30,0,>,30,/kaggle/working/causal_irrms_fpt_reference/bearing1_1_irrms_threshold_1p26379338_audit.png
bearing1_2,871,0.6640210747718811,q99,1.2637933790683746,826,8260,True,ok,False,False,False,False,826,45,0.9483352468427095,0.05166475315729047,0,2,causal_irrms_fpt_reference,100,30,100,5,30,0,>,30,/kaggle/working/causal_irrms_fpt_reference/bearing1_2_irrms_threshold_1p26379338_audit.png
bearing2_1,911,0.5365688800811768,q99,1.2637933790683746,151,1510,True,ok,False,False,False,False,151,760,0.16575192096597147,0.8342480790340285,0,0,causal_irrms_fpt_reference,100,30,100,5,30,0,>,30,/kaggle/working/causal_irrms_fpt_reference/bearing2_1_irrms_threshold_1p26379338_audit.png
bearing2_2,797,0.47241637110710144,q99,1.2637933790683746,198,1980,True,ok,False,False,False,False,198,599,0.24843161856963614,0.7515683814303639,0,0,causal_irrms_fpt_reference,100,30,100,5,30,0,>,30,/kaggle/working/causal_irrms_fpt_reference/bearing2_2_irrms_threshold_1p26379338_audit.png
bearing3_1,515,0.5005925297737122,q99,1.2637933790683746,493,4930,True,near_end,False,False,True,False,493,22,0.9572815533980582,0.04271844660194175,0,0,causal_irrms_fpt_reference,100,30,100,5,30,0,>,30,/kaggle/working/causal_irrms_fpt_reference/bearing3_1_irrms_threshold_1p26379338_audit.png
bearing3_2,1637,0.5168190002441406,q99,1.2637933790683746,1597,15970,True,ok,False,False,False,False,1597,40,0.9755650580329872,0.02443494196701283,0,1,causal_irrms_fpt_reference,100,30,100,5,30,0,>,30,/kaggle/working/causal_irrms_fpt_reference/bearing3_2_irrms_threshold_1p26379338_audit.png
bearing1_1,2803,0.6660381555557251,q99_5,1.2738747596740723,1872,18720,True,ok,False,False,False,False,1872,931,0.6678558687120942,0.3321441312879058,0,1,causal_irrms_fpt_reference,100,30,100,5,30,0,>,30,/kaggle/working/causal_irrms_fpt_reference/bearing1_1_irrms_threshold_1p27387476_audit.png
bearing1_2,871,0.6640210747718811,q99_5,1.2738747596740723,826,8260,True,ok,False,False,False,False,826,45,0.9483352468427095,0.05166475315729047,0,2,causal_irrms_fpt_reference,100,30,100,5,30,0,>,30,/kaggle/working/causal_irrms_fpt_reference/bearing1_2_irrms_threshold_1p27387476_audit.png
bearing2_1,911,0.5365688800811768,q99_5,1.2738747596740723,152,1520,True,ok,False,False,False,False,152,759,0.1668496158068057,0.8331503841931943,0,0,causal_irrms_fpt_reference,100,30,100,5,30,0,>,30,/kaggle/working/causal_irrms_fpt_reference/bearing2_1_irrms_threshold_1p27387476_audit.png
bearing2_2,797,0.47241637110710144,q99_5,1.2738747596740723,199,1990,True,ok,False,False,False,False,199,598,0.24968632371392724,0.7503136762860728,0,0,causal_irrms_fpt_reference,100,30,100,5,30,0,>,30,/kaggle/working/causal_irrms_fpt_reference/bearing2_2_irrms_threshold_1p27387476_audit.png
bearing3_1,515,0.5005925297737122,q99_5,1.2738747596740723,493,4930,True,near_end,False,False,True,False,493,22,0.9572815533980582,0.04271844660194175,0,0,causal_irrms_fpt_reference,100,30,100,5,30,0,>,30,/kaggle/working/causal_irrms_fpt_reference/bearing3_1_irrms_threshold_1p27387476_audit.png
bearing3_2,1637,0.5168190002441406,q99_5,1.2738747596740723,1597,15970,True,ok,False,False,False,False,1597,40,0.9755650580329872,0.02443494196701283,0,1,causal_irrms_fpt_reference,100,30,100,5,30,0,>,30,/kaggle/working/causal_irrms_fpt_reference/bearing3_2_irrms_threshold_1p27387476_audit.png
