epoch,train_loss,val_loss,val_auc_pr
0,0.252021,0.346416,0.999983
1,0.12142,0.217468,0.999986
2,0.093021,0.188118,0.999989
3,0.073365,0.072399,0.999992
4,0.060027,0.079331,0.999992
5,0.052543,0.099625,0.999994
6,0.046202,0.075313,0.999994
7,0.043249,0.039027,0.999989
8,0.047162,0.081558,0.999989
9,0.034174,0.110627,0.999994
10,0.03542,0.367408,0.999997
11,0.031479,0.142966,0.999997
12,0.03124,0.167981,0.999997
13,0.028373,0.279278,0.999997
14,0.030596,0.317624,0.999997
15,0.026242,0.187614,0.999997
16,0.025056,0.128457,0.999997
17,0.031913,0.471709,0.999997
18,0.033133,0.246196,0.999994
